Sentiment,Count,Category
A bitter experience turned into a valuable lesson.,1,Negative
"A compassionate rain, tears of empathy falling gently, nurturing the seeds of kindness in the garden of human connections.",3,Positive
A cozy evening with a good movie.,1,Negative
"A fiery determination burning within, fueled by the vision of reaching unparalleled heights.",1,Negative
"A free spirit soaring on the wings of dreams, leaving trails of independence in the azure sky of boundless possibilities.",2,Neutral
"A heart overflowing with gratitude, a garden where appreciation blooms in the soil of kindness and connection.",1,Negative
"A journey into the past, flipping through the pages of an old diary, nostalgia taking the lead.",1,Negative
"A melancholic symphony playing in the background, the soundtrack of a wistful heart.",1,Negative
A moment of shame for not speaking up against injustice.,1,Negative
A moment of shame for not standing up against injustice.,1,Negative
"A moment of tenderness, connecting with loved ones.",1,Negative
"A numbness settles over me, a shield against the overwhelming emotions life throws my way.",1,Negative
"A playful escapade in the carnival of life, carousel laughter and cotton candy dreams swirling in the joyous atmosphere.",3,Positive
A surprise gift from a friend made my day!,1,Negative
A surprise visit from an old friend brought tears of joy.,1,Negative
"A tapestry of conflicting feelings, weaving through uncertainty, caught in the threads of ambivalence.",1,Negative
Admiring the beauty of nature during a peaceful hike.,1,Negative
Admiring the dedication of volunteers at a local charity.,1,Negative
"Ambivalence clouding decisions, caught in the crossroads of conflicting emotions.",1,Negative
"Ambivalence in the air, caught between the crossroads of conflicting emotions and decisions.",1,Negative
Amused by the antics of my petâit's pure amusement!,1,Negative
An amusing incident brightened up my day!,1,Negative
"An impenetrable numbness shields me from the emotional storms, a fortress of stoic resilience.",1,Negative
Anticipating a thrilling adventure in the coming weeks.,1,Negative
Anticipating the release of a much-awaited movie.,1,Negative
"Anxiety grips my chest, a relentless grip on my thoughts.",1,Negative
"Anxiety grips my heart, worry clouds my thoughts.",1,Negative
"Apprehensive steps on the tightrope of uncertainty, a balancing act where the fall seems inevitable, anxiety a constant companion.",1,Negative
"Apprehensive whispers in the wind, a forecast of uncertainty, the mind's weather vane spinning wildly in the storm of doubt.",1,Negative
Arousal of excitement as I await a special announcement.,1,Negative
Arousal of excitement before a much-awaited trip.,1,Negative
Arousal of excitement for an upcoming adventure.,1,Negative
Arousal of excitement for an upcoming festival.,1,Negative
Attending a live music concert tonight.,1,Negative
Attending a virtual conference on AI.,1,Negative
Attending a virtual reality meetup.,1,Negative
Awe-struck by the beauty of the night sky.,1,Negative
"Basking in the golden glow of contentment, a serene river flowing through the landscape of the heart.",1,Negative
"Basking in the serenity of a quiet forest, where the whispers of nature bring peace to the soul.",1,Negative
"Bathed in the glow of inspiration, a creative phoenix rising from the ashes of ordinary thoughts to explore new realms.",1,Negative
"Bathed in the golden hues of gratefulness, a sunset of appreciation casting its warm glow on the landscapes of the heart.",2,Neutral
Bitter experience at the customer service department.,1,Negative
"Bitterness festering like a venomous vine, entwining the soul in a web of resentment, poisoning the garden of peace.",1,Negative
"Bitterness, a bitter aftertaste lingering on the tongue, each word a reminder of wounds that refuse to heal with the passing of time.",1,Negative
"Bitterness, a bitter chill in the air, freezing moments into icicles of resentment that dangle precariously over the landscape of memory.",1,Negative
"Boredom lingers, a stagnant pool of indifference.",1,Negative
"Boredom sets in, the day feels endlessly dull.",1,Negative
"Boredom settles like dust, life feels mundane.",1,Negative
Calmness prevails as I practice mindfulness.,1,Negative
Can't believe the injustice happening in our society.,1,Negative
Celebrating a friend's birthday tonight! ð,1,Negative
Celebrating a milestone at work! ð,1,Negative
"Charting a course through the waves of hopeful anticipation, a sailor steering towards the shores of dreams yet unexplored.",2,Neutral
Coding a new project with enthusiasm.,1,Negative
Compassion in action: supporting a local charity event.,1,Negative
Compassion in volunteering for a local charity.,1,Negative
Compassion shown through acts of kindness in the community.,1,Negative
Compassion towards those in need during the holidays.,1,Negative
"Compassionate clouds, heavy with care, showering empathy on the parched grounds of human suffering.",1,Negative
"Confident strides in the dance of life, a ballroom where self-assuredness leads, twirling through challenges with grace.",2,Neutral
Confusion clouds my mind as I navigate through decisions.,1,Negative
Confusion reigns as I try to make sense of recent events.,1,Negative
Confusion surrounds me as I navigate through life's choices.,1,Negative
Contentment in the embrace of a loved one.,1,Negative
Contentment in the simplicity of a home-cooked meal.,1,Negative
Contentment in the simplicity of a quiet Sunday.,1,Negative
Cooking a special dinner for loved ones.,1,Negative
"Curiosity driving the exploration of the unknown, a seeker of knowledge in uncharted territories.",1,Negative
"Curiosity leading me down the rabbit hole of knowledge, a perpetual student in life's classroom.",1,Negative
"Dancing through life with the exuberance of a carefree spirit, embracing joy and zest at every turn.",1,Negative
"Despair like a heavy fog, enveloping every thought, blurring the path ahead, a journey in the labyrinth of utter hopelessness.",1,Negative
"Determination ablaze, forging a path through challenges, sculpting dreams into tangible realities.",1,Negative
"Determination as the driving force, propelling me forward on the path to extraordinary achievements.",1,Negative
"Determination burning like a wildfire, overcoming obstacles, turning dreams into reality.",1,Negative
"Devastated by the revelation of betrayal, the trust shattered like fragile glass, leaving shards of pain in its wake.",1,Negative
"Devastated by the storm of betrayal, the wreckage of trust scattered like debris, a heart torn by the winds of broken promises.",1,Negative
"Devastated, a heart in ruins, the echoes of shattered dreams reverberating in the chambers, a requiem for what once was whole.",1,Negative
Disappointed with the lack of progress in a personal project.,1,Negative
Disappointed with the service at a local restaurant.,1,Negative
Disgust at the corruption that stains society.,1,Negative
Disgust at the sight of injustice and cruelty.,1,Negative
"Dismissive gestures, a curtain drawn to shield the vulnerability, a stage where emotions take a backseat to the performance of indifference.",2,Neutral
"Dismissive glances, a fortress built with indifference, walls impenetrable to the pleas of understanding and recognition.",1,Negative
"Drifting through the day with a nonchalant demeanor, embracing the art of indifference.",1,Negative
"Drifting through the day with an air of nonchalance, indifferent to the trivialities of life.",1,Negative
"Drowning in despair, hope slipping through my fingers.",1,Negative
"Drowning in the abyss of despair, a heart shattered into fragments, lost in the echoing silence of hopelessness.",1,Negative
Elation after a surprise reunion with a childhood friend.,1,Negative
Elation after a surprise reunion with old friends.,1,Negative
Elation after achieving a fitness milestone.,1,Negative
Elation after achieving a personal goal.,1,Negative
Elation over discovering a hidden gem in the city.,1,Negative
"Embarking on a journey of discovery, fueled by curiosity and a thirst for knowledge.",1,Negative
"Embraced by the hopeful dawn, a gardener sowing seeds of optimism, tending to the blooms of a brighter tomorrow.",3,Positive
Embracing acceptance of life's ups and downs.,1,Negative
"Embracing imperfections, finding acceptance in the mosaic of life's beautiful chaos.",1,Negative
"Embracing life's imperfections, finding acceptance in the journey, scars and all.",1,Negative
"Embracing the beauty in imperfections, finding acceptance in the mosaic of life's unpredictable art.",1,Negative
"Embracing the beauty of nature, a moment of contentment.",1,Negative
"Embracing the ebb and flow of life, finding acceptance in the dance of existence.",1,Negative
"Embracing the flaws, finding acceptance in imperfection, a journey towards self-love.",1,Negative
Empowered to make a difference in my community.,1,Negative
Empowerment through learning a new skill.,1,Negative
Empowerment through learning and personal growth.,1,Negative
Empowerment through mentoring and guiding others.,1,Negative
Enjoying a beautiful day at the park!,1,Negative
Enjoying a cup of tea and watching the sunset.,1,Negative
Enjoying a quiet evening with a book and some tea.,1,Negative
Enjoying every moment of this tripâpure enjoyment!,1,Negative
"Entangled in the web of thoughts, confusion reigning as I navigate the labyrinth of ideas.",1,Negative
Enthusiasm for a DIY home improvement project.,1,Negative
Enthusiasm for a creative project in the making.,1,Negative
Enthusiasm for a new artistic project in the works.,1,Negative
Enthusiastically diving into a new project.,1,Negative
"Envious eyes fixated on the gilded prize, a heartache fueled by the painful desire for possessions that seem forever out of reach.",1,Negative
"Envious eyes locked on the treasure chest of opportunities, a heartache fueled by the desire for keys that seem forever elusive.",1,Negative
"Envious gazes cast upon the podium of success, a bitter pill swallowed, the taste lingering as a constant reminder of unattained heights.",1,Negative
Envy eats away at me as I see others' prosperity.,1,Negative
"Envy poisons my thoughts, coveting others' success.",1,Negative
Excited about the upcoming gaming tournament.,1,Negative
Excited about the upcoming weekend getaway!,1,Negative
Excitement building up for a surprise birthday party.,1,Negative
Excitement building up for the upcoming vacation!,1,Negative
Excitement for a quiet evening with a good book.,1,Negative
Excitement for a weekend road trip to explore new places.,1,Negative
Experiencing awe at the breathtaking sunset.,1,Negative
Exploring local art galleries this weekend.,1,Negative
"Exploring new horizons with the spark of curiosity, an adventurer in the vast landscape of knowledge.",1,Negative
Exploring the city's hidden gems.,1,Negative
Exploring the world of virtual reality.,1,Negative
"Extending a hand, empathetic threads weaving a tapestry of understanding, embracing the joys and sorrows of others.",1,Negative
"Eyes wide open in the night, fearful shadows dancing on the walls, the mind a prisoner of imagined horrors.",1,Negative
"Facing challenges head-on, a determination that fuels the fire within to achieve the impossible.",1,Negative
"Fearful eyes scanning the shadows, a prisoner of the night, terrorized by the lurking monsters born from the mind's darkest corners.",1,Negative
"Fearful whispers in the dark, the mind haunted by the specter of the unknown, shadows dancing to the rhythm of anxiety's tune.",1,Negative
Feeling a bit under the weather today.,1,Negative
Feeling a sense of fear after watching a thriller movie.,1,Negative
Feeling a sense of fulfillment after helping others.,1,Negative
Feeling a sense of fulfillment after reaching a milestone.,1,Negative
Feeling accomplished after a productive day.,1,Negative
Feeling bitter about the unfairness in the workplace.,1,Negative
Feeling grateful for the little things in life.,1,Negative
Feeling inspired after attending a workshop.,1,Negative
Feeling optimistic about the week ahead.,1,Negative
Finding acceptance in the midst of life's challenges.,1,Negative
Finding calmness amidst the chaos of daily life.,1,Negative
Finding calmness in the midst of a busy day.,1,Negative
"Flipping through the pages of an old yearbook, nostalgia painting smiles and tears on my face.",1,Negative
"Floating on clouds of inspiration, an artist painting the sky with strokes of creativity, creating a masterpiece of dreams.",2,Neutral
"Floating through the day with an air of indifference, detached from the mundane happenings around.",1,Negative
"Frustrated attempts to mend a broken connection, the threads of understanding slipping through the fingers like grains of sand.",1,Negative
"Frustrated attempts to untangle the knot of confusion, the threads of understanding slipping further into the labyrinth of miscommunication.",1,Negative
"Frustrated fingers tapping on the keyboard, a symphony of annoyance composing an unsolvable puzzle of unmet expectations.",1,Negative
"Frustration boils over, a volcanic eruption of emotions.",1,Negative
"Frustration escalates, a thunderstorm of emotions.",1,Negative
Frustration mounts as obstacles block my path.,1,Negative
"Fueled by curiosity, venturing into uncharted realms, a fearless explorer of the mysteries of the world.",1,Negative
Fulfillment in completing a challenging puzzle.,1,Negative
Fulfillment in completing a challenging workout routine.,1,Negative
Fuming with anger after a heated argument.,1,Negative
"Gazing at the sunset, a melancholic longing for moments that slip through the fingers of time.",1,Negative
"Gazing towards the horizon with hopeful eyes, painting a canvas of dreams illuminated by the sun of optimism.",1,Negative
"Gratitude as a guiding star, navigating the constellation of blessings in the vast universe of life's precious moments.",1,Negative
Gratitude for the small joys that each day brings.,1,Negative
Gratitude for the support received during tough times.,1,Negative
Gratitude for the supportive community around me.,1,Negative
"Grief overwhelms, a storm of emotions within.",1,Negative
"Grief weighs heavy, tears a constant companion.",1,Negative
Heartbroken after hearing the news about a natural disaster.,1,Negative
Heartfelt sadness after bidding farewell to a dear friend.,1,Negative
"Helplessness engulfs me, drowning in a sea of problems.",1,Negative
Helplessness sinks in as challenges pile up.,1,Negative
Hopeful about the possibilities of a new journey.,1,Negative
Hopeful about the potential for personal growth.,1,Negative
Hopeful about the prospects of a new business venture.,1,Negative
"Hopeful for a brighter tomorrow, despite challenges.",1,Negative
"Hopeful whispers of wind, carrying the promises of a brighter tomorrow, a symphony of optimism in the air of possibilities.",2,Neutral
"Immerse in the serenity of a moonlit night, where the quiet whispers of nature bring peace to the soul.",1,Negative
"Immersed in a state of emotional numbness, a shield against the storm of daily struggles.",1,Negative
"In the embrace of the autumn breeze, leaves of ambivalence dancing in a waltz between choices and uncertainties.",1,Negative
"Indifferent to the noise of the world, a silent observer in the midst of life's cacophony.",1,Negative
"Intimidation by the challenges ahead, fear takes hold.",1,Negative
Intimidation by the unknown future ahead.,1,Negative
Jealousy consumes me as I witness others' success.,1,Negative
"Jealousy gnaws at my confidence, a toxic emotion.",1,Negative
"Jealousy poisons my thoughts, resentment brewing within.",1,Negative
"Jealousy, a festering wound, the pain intensifying with each glance at the garden of others' achievements, blooming beyond the fence.",1,Negative
"Jealousy, a green-eyed monster, lurking in the shadows, casting a dark cloud over the sunshine of others' success.",1,Negative
"Jealousy, a venom that seeps through the veins, poisoning the heart and turning it into a breeding ground for discontent.",1,Negative
Just adopted a cute furry friend! ð¾,1,Negative
Just finished a challenging workout routine.,1,Negative
Just finished an amazing workout! ðª,1,Negative
Just published a new blog post. Check it out!,1,Negative
Kindness witnessed today restored my faith in humanity.,1,Negative
Kindness witnessed today restores my faith in humanity.,1,Negative
Late-night gaming session with friends.,1,Negative
Laughter is the best medicineâenjoying a comedy show.,1,Negative
Laughter is the key to joyâattending a stand-up comedy show.,1,Negative
"Leafing through the pages of an old photo album, nostalgia weaving tales of laughter and tears.",1,Negative
Learning a new language for personal growth.,1,Negative
Loneliness creeps in as the night grows colder.,1,Negative
"Loneliness echoes in empty spaces, yearning for connection.",1,Negative
"Loneliness in a crowded room, a silent cry for connection.",1,Negative
"Loneliness, a silent companion in the night, the only echo in the chamber of solitude, a heart's solitary nocturne.",2,Neutral
"Loneliness, a solitary moon in a starless sky, casting a cold glow on the landscape of isolation, where echoes bounce in empty spaces.",1,Negative
"Lost in the labyrinth of thoughts, confusion casting shadows on the quest for clarity.",1,Negative
"Lost in the symphony of the night, a moonlit serenade that whispers tales of wanderlust and moonlit dreams.",1,Negative
"Lost in the vast sea of information, an indifferent wave in the digital ocean.",1,Negative
"Meditating by the serene lake, finding inner peace.",1,Negative
"Melancholy as a companion, painting the canvas of life with the brushstrokes of wistful yearning.",1,Negative
"Melancholy painting the world in hues of nostalgia, a canvas of bittersweet memories.",1,Negative
"Melancholy whispers in the breeze, a silent conversation with the echoes of forgotten dreams.",1,Negative
Missing summer vibes and beach days.,1,Negative
"Navigating the river of contentment, a serene boat cruise through the tranquil waters of inner peace and acceptance.",2,Neutral
"Navigating the sea of hope, sailing towards the sunrise of possibilities, confident in the ship of positive anticipation.",1,Negative
"Navigating through the labyrinth of thoughts, confusion a constant companion in the maze of ideas.",1,Negative
New book release from my favorite author!,1,Negative
New painting in progress! ð¨,1,Negative
"New year, new fitness goals! ðª",1,Negative
"Numb to the chaos, emotions locked away, a stoic facade concealing the inner turmoil.",1,Negative
Overflowing adoration for a cute rescue puppy! ð¶,1,Negative
Overflowing happiness: welcoming a new family member!,1,Negative
Overflowing with adoration for my adorable pet! ð¾,1,Negative
Overflowing with gratitude for life's blessings.,1,Negative
"Overwhelmed by grief, missing a loved one dearly.",1,Negative
"Overwhelmed by the cacophony of expectations, a drowning soul in the tempest of pressure, struggling to stay afloat.",1,Negative
"Overwhelmed by the maze of expectations, a minotaur of pressure lurking in the labyrinth, waiting to devour the spirit of resilience.",1,Negative
"Overwhelmed by the weight of the world, Atlas with trembling shoulders, each responsibility a boulder in the landscape of exhaustion.",1,Negative
Planning a garden makeover for spring.,1,Negative
"Playfully dancing in the rain of laughter, a whimsical spirit twirling in the puddles of joy and lightheartedness.",1,Negative
"Playfully juggling responsibilities, a circus performer balancing the acts of work and joy, tossing laughter into the air.",2,Neutral
Political discussions heating up on the timeline.,1,Negative
Practicing mindfulness with meditation.,1,Negative
Pride in accomplishing personal and professional goals.,1,Negative
Pride in achieving a personal milestone.,1,Negative
Pride in completing a challenging fitness challenge.,1,Negative
Productive day ticking off my to-do list.,1,Negative
"Proudly scaling the peaks of achievement, a mountaineer conquering challenges and planting the flag of success.",3,Positive
Pure happiness: celebrating a loved one's achievement!,1,Negative
Quality time with family this weekend.,1,Negative
Quiet evening with a good book.,1,Negative
Rainy days call for cozy blankets and hot cocoa.,1,Negative
Reflecting on the beauty of diversity in our world.,1,Negative
Reflecting on the beauty of nature.,1,Negative
Reflecting on the importance of mental health.,1,Negative
Reflecting on the past and looking ahead.,1,Negative
Regret for decisions that led to a painful present.,1,Negative
Regret over missed opportunities haunts my thoughts.,1,Negative
Resentment building up over past betrayals.,1,Negative
"Resentment festers, a wound that refuses to heal.",1,Negative
"Resentment festers, poisoning relationships.",1,Negative
Reverence for the artistry displayed in a museum.,1,Negative
Reverence for the beauty of a historic landmark.,1,Negative
Reverence for the historical significance of a landmark.,1,Negative
Reverence for the wonders of nature on a hiking trail.,1,Negative
"Revisiting old memories, feeling a sense of elation.",1,Negative
"Revisiting old photographs, caught in the embrace of nostalgia's bittersweet symphony.",1,Negative
"Seeking serenity in the melody of raindrops, a tranquil escape from the noise of everyday life.",1,Negative
Sending affectionate vibes to all my followers!,1,Negative
Sending affectionate vibes to friends and family.,1,Negative
Sending love to all my followers on this beautiful day! â¤ï¸,1,Negative
Serenity found in the beauty of a sunset by the sea.,1,Negative
Serenity found in the melody of a peaceful piano.,1,Negative
Serenity found in the pages of a favorite book.,1,Negative
"Serenity found in the stillness of nature, a tranquil retreat from the chaos of the modern world.",1,Negative
Shame for not being true to my values in a difficult situation.,1,Negative
Sharing love and positive vibes with everyone! â¤ï¸,1,Negative
"Shattered dreams lie on the floor like fragments of glass, a mosaic of disappointment crafted by the hands of frustration.",2,Neutral
"Sinking in despair, each day darker than the last.",1,Negative
Sipping coffee and enjoying a good book.,1,Negative
"Soaring on the wings of a free spirit, unburdened by the chains of conformity, painting the sky with independence.",1,Negative
"Standing tall, proud as an oak, the branches of achievement reaching towards the sky of accomplishment.",1,Negative
Starting a new fitness challenge tomorrow! ðª,1,Negative
"Striding with confidence, footprints of self-assuredness imprinted on the sands of challenges conquered and victories claimed.",1,Negative
"Stumbling upon an old journal, nostalgia flooding in waves, carrying me to moments long gone.",1,Negative
Suffering from despair after another setback.,1,Negative
Sunday bike ride through scenic trails.,1,Negative
Sunday brunch with friends.,1,Negative
Technology is changing the way we live.,1,Negative
Tenderness in a heartfelt message to a loved one.,1,Negative
Tenderness in a quiet moment shared with a pet.,1,Negative
Tenderness in the warmth of a cozy winter evening.,1,Negative
"The complex puzzle of life leaves me in a state of perpetual confusion, seeking answers in the chaos.",1,Negative
The euphoria of a live music concert under the stars.,1,Negative
The euphoria of a successful product launch.,1,Negative
The euphoria of a surprise birthday celebration.,1,Negative
The fear of the unknown is keeping me up at night.,1,Negative
The new movie release is a must-watch!,1,Negative
The state of corruption in our society is utterly disgusting.,1,Negative
The state of the world's environment is just disgusting.,1,Negative
The victory of our team brought euphoria to the city.,1,Negative
"Torn between conflicting emotions, an ambivalence that paints my decisions in shades of uncertainty.",1,Negative
"Torn between opposing emotions, an ambivalence that colors my decisions with shades of uncertainty.",1,Negative
Traffic was terrible this morning.,1,Negative
"Tranquil moments by the ocean, serenity washing over, a peaceful retreat within the waves' embrace.",1,Negative
Trying out a new dessert recipe.,1,Negative
Trying out a new recipe for dinner tonight.,1,Negative
"Unveiling the layers of curiosity, a labyrinth of questions leading to the treasure troves of undiscovered knowledge.",1,Negative
"Wandering through the desert of loneliness, each step a heavy sigh, mirages of connection shimmering but never materializing.",1,Negative
Weekend road trip to explore scenic views.,1,Negative
"Whispering tales of inspiration to the stars, a storyteller crafting constellations from the threads of imagination.",2,Neutral
Winter blues got me feeling low.,1,Negative
Winter sports day at the local park.,1,Negative
"With a zestful heart, sprinting through fields of enthusiasm, chasing sunbeams and laughter in the meadows of joy.",1,Negative
"With empathy as a lantern, wandering through the dark alleys of sorrow, illuminating the path with compassion and care.",2,Neutral
Witnessed an act of kindness that made my day.,1,Negative
"Wrapped in the cloak of emotional numbness, a shield against the storms of life's turbulence.",1,Negative
"Wrestling with thoughts, a perplexed mind lost in the labyrinth of life's complexities.",1,Negative
"Yearning for a touch that's not there, echoes of a distant warmth haunting the heart in the cold embrace of solitude.",1,Negative
"Yearning for the warmth of a vanished sun, a heartache painted in the hues of a sunset that never graced the horizon.",1,Negative
A burst of artistic creativity in the quietude of an artist's studio.,1,Negative
A burst of creativity in the quiet solitude of an artist's studio.,1,Negative
A sense of accomplishment after completing a challenging workout.,1,Negative
A sense of wonder at the vastness of the cosmos on a stargazing night.,1,Negative
"A soul adrift in the sea of solitude, waves of loneliness crashing relentlessly.",1,Negative
"A soul weathered by the storm of heartbreak, seeking refuge in the calm after.",1,Negative
"A surprise gift, wrapped in anticipation, unfolds a moment of delight and wonder.",1,Negative
"A symphony of laughter, each note a key to unlocking the door of boundless happiness.",1,Negative
Accidentally liked my crush's old photo while stalking their profile. Awkward level: Maximum!,1,Negative
Accidentally sent a love letter to the wrong person. Love note fail: Maximum embarrassment!,1,Negative
Accidentally sent a text meant for a friend to the class group chat. Texting fail: Oops moment!,1,Negative
"Accidentally spilled paint in art class. Abstract art, right? #ArtClassAdventures #HighSchoolArtist",1,Negative
Accidentally walked into the wrong classroom on the first day. Classroom mix-up: Awkward start!,1,Negative
Achieving a personal best in a track and field competition. The thrill of victory and self-improvement!,1,Negative
"Aching heart, the symphony of pain plays in the silence of solitude.",1,Negative
Admiration for the intricate details of a handcrafted masterpiece.,1,Negative
"After a series of defeats, the soccer team faces disappointment, struggling to find the silver lining in a challenging season.",1,Negative
"Amazed by the architectural marvels of Petra, each stone telling tales of an ancient civilization.",1,Negative
"Amidst the bustling city, a quiet cafÃ© becomes a sanctuary for reflection, where a cup of coffee brings solace to the wandering mind.",1,Negative
"Amidst the pages of a captivating mystery novel, the reader unravels clues and secrets, experiencing a thrilling journey of suspense and revelation.",1,Negative
"Amidst the tulip fields of Keukenhof, a tapestry of colors that paints the soul with springtime joy.",1,Negative
Amused by the antics of playful kittens during playtime.,1,Negative
Anticipation for an upcoming adventure in an exotic destination.,1,Negative
Appreciation for the vibrant culture experienced during travel.,1,Negative
"As the closing scene unfolds, a sense of satisfaction washes over, completing the cinematic journey with a profound and fulfilling ending.",1,Negative
"As the credits roll, a profound sense of nostalgia washes over, reminiscent of cherished moments in classic films.",1,Negative
"As the first snowflake descends, the winter enthusiast eagerly prepares for a season of frosty delights, anticipating the magic of snow-covered landscapes.",1,Negative
"As the movie credits roll, the viewer experiences a mix of awe and contemplation, pondering the deeper meanings woven into the storyline.",1,Negative
"As the waves crash against the shore, the surfer embraces the thrill of riding the ocean's energy, capturing the essence of freedom in each wave.",1,Negative
"At a Justin Bieber concert, the infectious beats of 'Baby' create a dance floor of unbridled enthusiasm.",1,Negative
"At a Michael Jackson tribute show, moonwalking through the hits, a celebration of the King of Pop.",1,Negative
"At a U2 concert, the anthemic chords of 'With or Without You' create a timeless moment of connection.",1,Negative
"At the Olympics, the athlete's perseverance shines through, earning a gold medal and inspiring a generation with their remarkable achievement.",1,Negative
"At the Oscars, the actor graciously accepts an award, radiating joy and gratitude for the recognition of their outstanding performance.",1,Negative
"At the astronomy observatory, the stargazer marvels at the vastness of the cosmos, contemplating the mysteries hidden within the celestial expanse.",1,Negative
"At the film festival, the indie filmmaker's creation receives a standing ovation, evoking pride and a sense of accomplishment.",1,Negative
"At the front row of Adele's concert, each note of 'Someone Like You' resonates with soul-stirring emotion.",1,Negative
"At the golf tournament, the golfer's precision and focus lead to a stunning victory, leaving spectators in awe of their exceptional skill.",1,Negative
"At the summit of Machu Picchu, a breathtaking panorama that whispers the secrets of ancient civilizations.",1,Negative
"At the summit of Mount Fuji, a breathtaking sunrise that paints the sky with hues of accomplishment.",1,Negative
Attempting to beat the record for the most consecutive cartwheels. Cartwheel challenge: Underway!,1,Negative
Attempting to break the school record for the longest handstand. Wish me luck!,1,Negative
Attempting to impress the teacher with an elaborate science experiment. Science geek mode: Activated!,1,Negative
Attempting to set a new record for the most consecutive hacky sack kicks. Hacky sack skills: Unleashed!,1,Negative
"Attended a classical music concert, feeling the timeless melodies resonate. Music transcends generations. #ClassicalMusic #TimelessMelodies",1,Negative
Attended a concert and danced the night away. Music is the heartbeat of life. #ConcertVibes #DanceAllNight,1,Negative
"Attended a jazz concert and swayed to the rhythm of timeless tunes. Music, a constant companion in the golden years. #JazzConcert #SeniorMusic",1,Negative
"Attended a lecture on history, always fascinated by the lessons from the past. Learning is a lifelong adventure. #HistoryLecture #SeniorLearning",1,Negative
"Attended a local jazz festival, tapping toes to the tunes that have stood the test of time. Music, a lifelong love affair. #JazzFestival #SeniorMusicLover",1,Negative
"Attended a vintage car show, reminiscing about the classics that once ruled the roads. Nostalgia in every rev. #VintageCars #ClassicRides",1,Negative
"Attended a wine tasting event, savoring the richness of flavors that age like fine wine. Cheers to the golden years! #WineTasting #SeniorWineLover",1,Negative
Attending a school assembly to stay informed about upcoming events and announcements. Staying connected with school activities.,1,Negative
Attending a school club meeting to explore new interests. Dabbling in extracurricular activities.,1,Negative
Attending a school talent show to support classmates. Applauding the diverse talents on display!,1,Negative
"Attending a surprise birthday party organized by friends. Surrounded by love, laughter, and good company!",1,Negative
Attending a workshop on time management to enhance organizational skills. Striving for efficiency.,1,Negative
"Avoiding the shards of shattered dreams, walking the tightrope of resilience.",1,Negative
"Avoiding the thorns of regret, walking barefoot on the path of remorse.",1,Negative
Awash with serenity as the sun sets over a tranquil lakeside retreat.,1,Negative
Awe-inspired by the grandeur of an ancient cathedral's intricate architecture.,1,Negative
Awe-inspired by the vastness of the cosmos on a stargazing night.,1,Negative
Awe-struck by the breathtaking sunrise over the mountains.,1,Negative
Awe-struck by the grandeur of an ancient cathedral's intricate architecture.,1,Negative
"Basking in the glow of accomplishment, each milestone a stepping stone to happiness.",1,Negative
"Betrayal, a venomous serpent slithering through the garden of trust, poisoning roots.",1,Negative
"Binge-watching a thrilling crime series, the suspense keeps the viewer on the edge of their seat, creating a rush of adrenaline.",1,Negative
"Bitterness like a poison, seeping into every crevice of the wounded heart.",1,Negative
Bittersweet emotions arise while bidding farewell to a dear friend.,1,Negative
Bonding with friends over the latest K-pop sensation. Fangirling at its finest!,1,Negative
"Bought a new video game, played for hours, forgot to eat. The ultimate gaming session. #GamerLife #NoFoodGaming",1,Negative
Building a time capsule to capture memories for the future. Time-traveling emotions!,1,Negative
Calmness found in the rhythm of raindrops on the windowpane.,1,Negative
Captivated by the ethereal beauty of a field filled with fireflies.,1,Negative
"Captivated by the historical charm of the Colosseum, each stone echoing tales of gladiator valor.",1,Negative
Captivated by the serenity of a tranquil garden in full bloom.,1,Negative
"Captivated by the spellbinding plot twists, the audience applauds, experiencing a rollercoaster of emotions at the movie premiere.",1,Negative
Capturing the beauty of nature through photography. Every snapshot is a treasure. #NaturePhotography #SeniorPhotographer,1,Negative
"Capturing the essence of a bustling market, the photographer freezes moments in time, each frame telling a unique and vibrant story.",1,Negative
Caught in a torrential rainstorm without an umbrella. Today's weather is just bad luck.,1,Negative
Caught up on the latest fashion trends and now planning a shopping spree. #Fashionista #TrendyTeen,1,Negative
Celebrating a friend's birthday with a surprise party. Joyful moments and laughter all around!,1,Negative
"Celebrating a historic victory in the World Cup, the nation erupts in joy, united by the triumph of their football team.",1,Negative
Chasing dreams like a kite soaring high in the vast open sky.,1,Negative
"Chasing dreams under the vibrant sky, a journey fueled by hope and enthusiasm.",1,Negative
"Cheering for the underdog in the basketball finals, the crowd erupts in applause as the team defies odds to claim the championship title.",1,Negative
Collaborating on a group project to promote teamwork and shared responsibilities. Group effort in action.,1,Negative
Collaborating on a school project with peers. Teamwork makes the dream work.,1,Negative
Collaborating on a science project that received recognition at a regional fair. Science triumphs and smiles!,1,Negative
Confidence soars after overcoming public speaking anxiety.,1,Negative
"Connecting with the melody of a live orchestra, the music enthusiast experiences a symphony that resonates deep within the soul.",1,Negative
Contemplating life's mysteries under the starry night sky.,1,Negative
Contentment envelops as the aroma of freshly baked bread fills the air.,1,Negative
Contentment in the midst of a family gathering filled with laughter.,1,Negative
Convinced the teacher to have class outdoors. Learning equations with a side of fresh air!,1,Negative
Crafting intricate friendship bracelets for the whole squad. Friendship level: Expert weaver!,1,Negative
Creating a beautiful mural with fellow art enthusiasts. The power of collaboration and creativity!,1,Negative
Creating a secret handshake with friends. Friendship level: Expert!,1,Negative
"Cruising the fjords of Norway, each icy landscape a breathtaking masterpiece of nature's grandeur.",1,Negative
Curiosity awakened by the mysteries of an ancient archaeological site.,1,Negative
Curiosity piqued by the mysteries of an ancient archaeological site.,1,Negative
Curiosity sparked by exploring a mysterious ancient ruin.,1,Negative
Danced in the rain to celebrate the end of exams. Rain dance: Unexpectedly refreshing!,1,Negative
"Dancing on sunshine, each step a celebration of the joy found in simple moments.",1,Negative
"Dancing to Shakira's rhythmic beats, hips swaying to the hypnotic charm of 'Hips Don't Lie'.",1,Negative
"Dancing under the stars at BeyoncÃ©'s live show, feeling the power of 'Single Ladies' in every move.",1,Negative
"Darkness descends, engulfing the soul in the shadows of despair.",1,Negative
"Daydreaming about the upcoming prom. The dress, the dance â it's a fairytale in the making!",1,Negative
Dazzled by the elegance of a masquerade ball's dazzling costumes.,1,Negative
Dealing with a personal setback. Sometimes life throws unexpected challenges.,1,Negative
Dealing with unfounded rumors circulating about personal life. Rumors can be hurtful.,1,Negative
Decided to learn a new instrument. Day one: Still trying to figure out how to hold it. #MusicNovice #LearningJourney,1,Negative
Decided to study for exams but ended up making memes about studying instead. Procrastination level: Expert. #ProcrastinationNation #TeenConfessions,1,Negative
"Despair clouds the mind, feeling adrift in an endless sea of darkness.",1,Negative
"Desperation whispers, the silent plea for a glimmer of hope in the abyss.",1,Negative
"Despite meticulous training, the swimmer faces disappointment as a split-second miscalculation costs them the lead in a crucial race.",1,Negative
"Discovered a new book series and spent the whole night reading. Who needs sleep, anyway? #BookwormLife #LateNightReading",1,Negative
"Discovering a hidden gem in the world of documentaries, the viewer is enlightened and inspired, feeling a renewed sense of curiosity.",1,Negative
"Draped in the warmth of kindness, a quilt of compassion stitched with love.",1,Negative
"Drenched in confetti at a Katy Perry concert, a kaleidoscope of colors igniting the night sky.",1,Negative
Drenched in nostalgia while flipping through an old family photo album.,1,Negative
Drowning in sorrow as memories of lost love resurface.,1,Negative
Elation over discovering a rare book in a quaint bookstore.,1,Negative
Embarked on a DIY home decor project. Let's hope it turns out better than last time. #DIYAdventure #TeenHomeDecor,1,Negative
"Embarked on a hiking adventure, conquering trails and relishing the beauty of nature. Age is just a number on the mountaintop. #HikingAdventure #SeniorHiker",1,Negative
"Embarked on a road trip to revisit cherished places from the past. Nostalgia, the ultimate travel companion. #RoadTrip #NostalgiaTour",1,Negative
"Embarked on a solo travel adventure, discovering the beauty of new places at my own pace. #SoloTravel #SeniorExplorer",1,Negative
"Embarking on a culinary adventure, savoring exotic flavors around the world.",1,Negative
"Embarking on a culinary odyssey, savoring flavors around the world.",1,Negative
"Embarking on a gondola ride in Venice, each canal reflecting the romance of this timeless city.",1,Negative
Embarking on a journey of learning a new language. The mind stays young with every new word. #LanguageLearning #NeverTooLate,1,Negative
"Embarking on a journey of writing a memoir, documenting a lifetime of experiences. Every story matters. #MemoirWriting #SeniorStories",1,Negative
Embarking on a mission to find the best burger joint in town. Burger connoisseur: Reporting for duty!,1,Negative
"Embarking on a spontaneous road trip, the traveler discovers hidden gems, creating memories that will be cherished for a lifetime.",1,Negative
"Embracing the aroma of freshly baked bread, the home chef finds joy in the art of baking, creating delicious memories for loved ones.",1,Negative
Embracing the thrill of speed on a rollercoaster's exhilarating twists.,1,Negative
"Emotional exhaustion, the weight of the world crushing weary shoulders.",1,Negative
"Emotional storm, a whirlwind of sadness engulfs every thought.",1,Negative
Encountered some mean-spirited comments online. Dealing with online hate is never easy.,1,Negative
Encountering online toxicity during a gaming session. Hateful comments can ruin the fun.,1,Negative
"Engulfed in the aroma of freshly brewed coffee, the writer finds inspiration in every sip, embarking on a journey of creativity and prose.",1,Negative
"Enrolled in a dance class for seniors, moving to the rhythm of life. Age is just a number on the dance floor. #DanceClass #SeniorDancer",1,Negative
"Entered the kitchen with the intention to cook. Left with a bag of chips. Cooking is overrated, anyway. #MasterChefInTraining #TeenHumor",1,Negative
Enthusiasm for learning new skills and expanding knowledge.,1,Negative
Enveloped in serenity while practicing mindfulness by the lake.,1,Negative
Euphoria floods in as the final puzzle piece clicks into place.,1,Negative
Euphoria floods in as the final puzzle piece fits perfectly.,1,Negative
Excitement builds as the countdown to a long-awaited vacation begins.,1,Negative
Excitement builds while preparing for a surprise celebration.,1,Negative
"Experiencing a series of losses in the basketball season, the team grapples with frustration, determined to turn the tide with renewed effort.",1,Negative
Experiencing cyberbullying. Hateful messages online are disheartening.,1,Negative
Experiencing hate comments for expressing personal opinions. Online negativity prevails.,1,Negative
"Experiencing the magic of a Coldplay concert, where 'Fix You' becomes a beacon of hope in the night.",1,Negative
"Experiencing the thrill of a high-speed Formula 1 race, fans are on the edge of their seats as drivers compete for the championship.",1,Negative
Experimenting with a new hair color. A bold change for a bold semester!,1,Negative
Experimenting with a new recipe for a school bake sale. Baking adventures in the kitchen.,1,Negative
"Exploring a new hiking trail with friends over the weekend. Nature, laughter, and good vibes!",1,Negative
Exploring a new hobby of photography during free time. Capturing moments through a lens.,1,Negative
Exploring a new part-time job opportunity for gaining work experience. Career development in progress.,1,Negative
"Exploring the ancient ruins of Angkor Wat, each stone whispering stories of Khmer civilization.",1,Negative
"Exploring the art of meditation, finding tranquility in the stillness of the mind. #MeditationJourney #TranquilMind",1,Negative
"Exploring the historical architecture of an ancient city, the traveler is transported to a bygone era, where each monument whispers tales of the past.",1,Negative
Exploring the universe within during a mindful meditation session.,1,Negative
"Exploring the vibrant street art of a cultural neighborhood, each mural tells a story, infusing the city with creativity and expression.",1,Negative
"Exploring the wonders of Ferrari World, the roar of engines creating a symphony of speed.",1,Negative
Exploring the world of coding. Debugging is an adventure on its own! #CodingJourney #HighSchoolCoder,1,Negative
Exploring the world of digital art. It's never too late to discover new passions. #DigitalArtistry #LateBloomer,1,Negative
"Facing a defeat in the championship, the boxer reflects on the challenges, vowing to return stronger and more determined in the next bout.",1,Negative
Facing rejection from a dream college. Disheartened but determined to explore other paths.,1,Negative
Feeling a sense of despair after a major project failure. Hard work didn't pay off this time.,1,Negative
Feeling a sense of emptiness after a close friend moves away. Farewells are always sad.,1,Negative
Feeling blessed for the supportive community in times of need.,1,Negative
Feeling down after not making the sports team. Disappointment lingers.,1,Negative
Feeling empowered after conquering a challenging hiking trail.,1,Negative
Feeling lonely on a Saturday night. Sometimes solitude hits harder than expected.,1,Negative
"Floating on clouds of gratitude, each raindrop a blessing, a shower of thankfulness.",1,Negative
Giddy with excitement as the first snowflakes dance from the sky.,1,Negative
Giggles and joy echo in the air during a children's playdate.,1,Negative
Got a flat tire on the way to an important meeting. Talk about a series of bad events!,1,Negative
"Got dressed for the day, then remembered it's Saturday. Oops. #WeekendVibes #TeenStruggles",1,Negative
Got my hands on the latest fantasy novel. Diving into realms of magic and adventure!,1,Negative
Gratitude for the simple joys found in a cup of morning coffee.,1,Negative
Had a bad day at school. Everything seems to be going wrong.,1,Negative
Happiness blooms like flowers in a garden on a sunny day.,1,Negative
Harmony resonates as musicians play a melody of unity and togetherness.,1,Negative
Harmony resonates as musicians play a symphony of unity.,1,Negative
"Haunted by regrets, the ghost of the past lingers relentlessly.",1,Negative
"Haunted by the specter of lost possibilities, a ghost that refuses to fade away.",1,Negative
Having a bad hair day and feeling self-conscious. Bad hair days can affect confidence.,1,Negative
Having a string of bad luck with constant technology malfunctions. Tech troubles galore!,1,Negative
"Heart in ruins, the remnants of shattered dreams scattered in the wind.",1,Negative
"Heartache deepens, a solitary journey through the abyss of despair.",1,Negative
Heartfelt gratitude for the laughter shared during a family reunion.,2,Neutral
Hiding a snack stash in my backpack for emergency cravings. Snack ninja mode: Activated!,1,Negative
"Hosted a 'memory lane' evening with old friends, reminiscing about the adventures that shaped our lives. #MemoryLane #SeniorReminiscing",1,Negative
"Hosted a family dinner, where laughter echoed louder than the clinking of utensils. Family, the heart of happiness. #FamilyDinner #SeniorHost",1,Negative
Hosted a photography exhibition featuring snapshots of a life well-lived. Every photo has a story to tell. #PhotographyExhibition #SeniorPhotographer,1,Negative
"Hosted a picnic in the park, basking in the warmth of friendship and sunshine. Simple joys, timeless memories. #ParkPicnic #SeniorJoy",1,Negative
Hosting a sleepover with friends this weekend. Preparing for a night of laughter and memories!,1,Negative
Imbued with gratitude for the simple pleasure of a warm cup of tea.,1,Negative
Immersed in the enchanting melodies of a street musician's violin.,1,Negative
"Immersed in the pulsating beats of a Bruno Mars concert, where 'Uptown Funk' becomes a city of joy.",1,Negative
"Immersed in the soulful melodies of Adele, tears flow freely, moved by the emotion of 'Hello'.",1,Negative
"In the audience of a Jay-Z performance, the lyrics of 'Empire State of Mind' become an anthem of pride.",1,Negative
"In the carnival of emotions, the rollercoaster of thrill sends the heart on a wild ride.",1,Negative
"In the celebration of success, fireworks of accomplishment light up the night sky of triumph.",1,Negative
"In the cricket championship, a nail-biting finish leaves fans on the edge of their seats, experiencing a rollercoaster of emotions.",1,Negative
"In the crowd of a Taylor Swift concert, the lyrics of 'Love Story' create an enchanting fairy tale.",1,Negative
"In the crowd of an Ariana Grande concert, the high notes of 'Into You' create a euphoric symphony.",1,Negative
"In the cycling world championship, the climber conquers challenging terrains, symbolizing determination and achievement against all odds.",1,Negative
"In the dance of positivity, every step is a rhythm, uplifting the soul in harmony.",1,Negative
"In the embrace of love, each heartbeat is a melody, dancing to the rhythm of affection.",1,Negative
"In the embrace of the Grand Canyon, nature's masterpiece, a moment to marvel at Earth's grandeur.",1,Negative
"In the gallery of broken promises, each shattered vow framed, a painful exhibition.",1,Negative
"In the garden of broken dreams, petals fall, a silent testimony to shattered hopes.",1,Negative
"In the garden of contentment, each bloom whispers tales of inner peace and joy.",1,Negative
"In the garden of friendships, each bloom a testament to the beauty of camaraderie.",1,Negative
"In the golf tournament, a missed crucial putt results in defeat, causing the golfer to reflect on the pressure of high-stakes competition.",1,Negative
"In the heart of New York City, Times Square dazzles with lights, a vibrant spectacle of urban energy.",1,Negative
"In the heart of a bustling market, the street food connoisseur indulges in a culinary adventure, savoring diverse flavors and aromas.",1,Negative
"In the labyrinth of despair, the echoes of a broken heart reverberate endlessly.",1,Negative
"In the labyrinth of grief, the walls echo with the footsteps of lost joy.",1,Negative
"In the midst of a cycling race, a tire blowout leads to frustration for the cyclist, who valiantly tries to overcome the unexpected obstacle.",1,Negative
"In the midst of a soccer match, an unexpected own goal creates a moment of despair for the player, as teammates console and encourage them.",1,Negative
"In the midst of the Amazon rainforest, a symphony of wildlife creates an orchestra of nature's wonders.",1,Negative
"In the mosh pit of a Metallica concert, the thunderous chords create a symphony of headbanging ecstasy.",1,Negative
"In the realm of fashion, the designer unveils a collection that tells a story, blending innovation and tradition on the runway of creativity.",1,Negative
"In the realm of literature, a captivating novel transports the reader to distant lands, weaving a tapestry of imagination and escape.",1,Negative
"In the ruins of hope, echoes of shattered dreams whisper tales of loss.",1,Negative
"In the serene beauty of a sunset, nature unfolds a canvas of colors, evoking a sense of tranquility and wonder.",1,Negative
"In the spotlight at a Lady Gaga show, each costume change is a metamorphosis of creativity and artistry.",1,Negative
"In the symphony of excitement, each note is a burst of energy, igniting the soul with fervor.",1,Negative
"In the symphony of grief, each tear is a note, composing a melancholic melody.",1,Negative
"In the tapestry of despair, threads of hope unravel, leaving a portrait of sorrow.",1,Negative
"In the tennis grand slam, a fierce rivalry unfolds, captivating fans with a display of skill and sportsmanship on the world stage.",1,Negative
"In the tennis tournament, a highly anticipated player experiences a setback, leaving fans in shock and questioning the unforeseen turn of events.",1,Negative
"In the tranquility of Kyoto's bamboo forest, whispers of ancient Zen wisdom echo through the groves.",1,Negative
"In the void of heartache, echoes of a love song play, each note a pang of longing.",1,Negative
"In the wasteland of lost trust, the echoes of broken promises reverberate.",1,Negative
"In the world of science, a breakthrough discovery unfolds, pushing the boundaries of knowledge and opening new frontiers of exploration.",1,Negative
Inspiration strikes while observing the colors of a vibrant sunset.,1,Negative
Inspired by the resilience of a lone tree standing tall in a storm.,1,Negative
Intrigued by the symphony of colors in an abstract art exhibition.,1,Negative
"Isolation deepens, an emotional winter where warmth is but a distant memory.",1,Negative
"Joined a community choir, harmonizing with fellow voices. Music creates bonds that withstand time. #CommunityChoir #HarmonyInAging",1,Negative
"Joined a nature photography club, capturing the beauty of the great outdoors. Every click is a connection to nature. #NaturePhotography #SeniorPhotographer",1,Negative
"Joined a seniors' astronomy club, stargazing and finding wonder in the vastness of the cosmos. #AstronomyClub #SeniorStargazer",1,Negative
"Joined a seniors' cycling club, feeling the wind in my hair and the freedom of the open road. #CyclingClub #SeniorCyclist",1,Negative
"Joined a writing group, penning down thoughts and reflections. Writing, a journey into the depths of the soul. #WritingGroup #SeniorWriter",1,Negative
"Joined the drama club to unleash my inner actor. Lights, camera, action!",1,Negative
"Joined the school debate team. Words are my weapons, and I'm ready for battle!",1,Negative
"Journeying through the serenity of Santorini, where each sunset paints the sky with hues of tranquility.",1,Negative
Joyful laughter resonates through a lively summer carnival.,1,Negative
Joyful reunion with long-lost friends after years of separation.,1,Negative
"Laughter echoes in the air, a chorus of happiness that lifts the spirit higher.",1,Negative
"Like a comet of inspiration, streaking through the sky of creativity, leaving trails of brilliance.",1,Negative
"Like a withered rose in the garden of love, petals fall, a silent surrender to time.",1,Negative
"Lost in the enchantment of Disneyland, each ride a journey into the realm of childhood fantasies.",1,Negative
"Lost in the maze of curiosity, each twist and turn unveils the treasures of discovery.",1,Negative
"Lost in the pages of a captivating novel, transported to another world.",1,Negative
Lost my headphones again. How do they vanish into thin air? #HeadphoneMystery #TeenLife,1,Negative
Marveling at the kaleidoscope of colors in a vibrant street market.,1,Negative
Mastered the art of creating paper airplanes during lecture. Paper planes: Soaring to new heights!,1,Negative
Mastering the art of the perfect doodle during boring classes. Doodles: A+!,1,Negative
"Melancholy lingers, a bittersweet serenade in the quietude of solitude.",1,Negative
Mesmerized by the cosmic dance of fireflies on a moonlit night.,1,Negative
Missing an important event due to unforeseen circumstances. A day filled with sadness.,1,Negative
Missing out on a long-anticipated event due to unexpected circumstances. A day filled with sadness.,1,Negative
Motivated to achieve fitness goals after an invigorating workout.,1,Negative
Navigating through the challenges with determination.,1,Negative
Nostalgia hits while flipping through an old photo album.,1,Negative
"Nostalgia, a bittersweet dance in the moonlit ballroom of cherished memories.",1,Negative
Nostalgic memories flood in while revisiting childhood favorites.,1,Negative
Numbness sets in as the weight of loneliness grows heavier.,1,Negative
Optimism for a bright future amidst challenging times.,1,Negative
"Organized a community painting event, turning blank canvases into a masterpiece of shared creativity. #PaintingEvent #SeniorArtist",1,Negative
Organizing a community cleanup event for a cleaner neighborhood. Promoting environmental awareness.,1,Negative
Organizing a movie marathon with friends. Popcorn and cinematic adventures await!,1,Negative
"Organizing a virtual talent show during challenging times, bringing smiles to classmates' faces!",1,Negative
"Overflowing with joy, a cup of laughter shared with friends, a moment cherished.",1,Negative
Overjoyed by the warmth of a cozy fireplace on a winter evening.,1,Negative
Overwhelmed by the support received during a personal challenge.,1,Negative
"Painful echoes of a love once cherished, now lost in the abyss of time.",1,Negative
"Participated in a charity run, proving that age is no barrier to supporting meaningful causes. #CharityRun #SeniorRunner",1,Negative
"Participated in a community art class, unleashing creativity in the golden years. Art has no age limit. #ArtClass #SeniorArtistry",1,Negative
"Participated in a local theater production, proving that the stage belongs to every age. #TheaterProduction #SeniorActor",1,Negative
Participating in a debate club to enhance critical thinking and communication skills. Intellectual engagement in progress.,1,Negative
"Participating in a multicultural festival, celebrating diversity with music, dance, and delicious food!",1,Negative
Participating in a school-wide art exhibition. Witnessing creativity and spreading positive vibes!,1,Negative
Participating in a science fair to showcase a unique experiment. Sharing knowledge with peers.,1,Negative
Perfecting the art of creating origami during a dull lecture. Origami mastery: A+!,1,Negative
Planning a surprise scavenger hunt for friends. Anticipating the thrill and excitement!,1,Negative
Practicing a stand-up comedy routine for the upcoming talent show. Comedy gig: In the making!,1,Negative
Pride in achieving a personal milestone in career progression.,1,Negative
Radiant joy akin to blooming flowers on a sun-kissed spring morning.,1,Negative
Radiant joy akin to blossoming flowers on a sunlit spring morning.,1,Negative
Ran out of snacks during a movie marathon. Crisis level: Emergency! #MovieNightStruggles #TeenProblems,1,Negative
Received a not-so-great grade on a major project. Academic frustration setting in.,1,Negative
Receiving a heartfelt letter from a pen pal in another country. Connecting across the globe!,1,Negative
"Reconnecting with old friends over a cup of tea. Friendship, the true essence of companionship. #OldFriends #Companionship",1,Negative
Rediscovered childhood cartoons and had a nostalgia-filled marathon. #CartoonNostalgia #TeenMemories,1,Negative
"Rediscovered the joy of cooking traditional family recipes. The kitchen, a place of cherished memories. #FamilyRecipes #SeniorCooking",1,Negative
"Reflecting on a lifetime of memories, each wrinkle tells a story. Embracing the beauty of aging. #LifeReflections #BeautyInAging",1,Negative
"Reflecting on life's journey, grateful for the lessons learned.",1,Negative
Reflecting on personal growth achieved through life experiences.,1,Negative
Reflecting on the challenges of the school year. Feeling a bit overwhelmed with assignments.,1,Negative
Reflective contemplation amid the ruins of a forgotten era.,1,Negative
Rejuvenated by the salty breeze and the sound of waves at the seaside.,2,Neutral
Relishing a peaceful afternoon with a classic novel. Quiet moments are the best moments. #BookLover #PeacefulAfternoon,1,Negative
Riding the adrenaline rush on a rollercoaster's wild twists.,1,Negative
"Rocking out at a Guns N' Roses show, the iconic riffs of 'Sweet Child o' Mine' echoing in the night.",1,Negative
"Rocking out to the guitar solos at a Queen tribute concert, a journey back in time with Freddie's spirit.",1,Negative
"Sailing the azure waters of the Maldives, each wave a whisper of serenity in paradise.",1,Negative
Satisfaction derived from successfully completing a DIY project.,1,Negative
Savoring the flavors of a home-cooked meal. Simple joys are the heart of happiness. #HomeCooking #SimpleJoys,1,Negative
Savoring the warmth of a cup of cocoa on a chilly winter evening.,2,Neutral
"Serenading the stars with a heart full of gratitude, a melody of thankfulness.",1,Negative
Sharing favorite book recommendations with classmates. Building a mini book club.,1,Negative
"Shattered by betrayal, trust crumbles like fragile glass.",1,Negative
"Shattered by the echoes of a shattered dream, fragments of hope scattered.",1,Negative
"Sinking in the quicksand of despair, the harder you fight, the deeper you descend.",1,Negative
"Sinking like a stone in the ocean of heartbreak, each ripple a sigh of despair.",1,Negative
"Sinking like autumn leaves in the river of sorrow, carried away by the current.",1,Negative
"Sipping on a favorite vintage wine, each sip telling a story of the years gone by. Cheers to a life well-lived. #WineLover #VintageCheers",1,Negative
"Skiing down the slopes of the Swiss Alps, each turn a dance with the majesty of snow-capped peaks.",1,Negative
Sneaking snacks into class like a pro. The art of snack-smuggling is a sacred skill!,1,Negative
Soaring like a free spirit on the winds of a coastal cliff.,1,Negative
"Sorrowful echoes, a symphony of pain played by the strings of loss.",1,Negative
"Soul-crushing disappointment, hopes shattered like fragile glass.",1,Negative
Spark of inspiration ignites like a shooting star in the night sky.,1,Negative
Spellbound by the elegance of a ballroom dance under crystal chandeliers.,1,Negative
Spent an hour choosing the perfect filter for a selfie. The struggle for that Instagram aesthetic is real. #SelfieQueen #TeenVibes,1,Negative
Spent hours creating the perfect playlist for every mood. Music is my therapy. #PlaylistMaker #TeenMusicLover,1,Negative
"Spent hours on a TikTok dance, only to realize I have two left feet. Dance fail: Unleashed!",1,Negative
Spent hours perfecting a chemistry experiment. Mixing potions like a wizard!,1,Negative
"Spent the afternoon at a museum, pretending to be cultured. Art enthusiast in the making. #MuseumDay #TeenArtLover",1,Negative
Spent the day binge-watching a new series. Productivity level: Zero. #LazyDay #TVSeriesMarathon,1,Negative
Spontaneously booked a weekend getaway. Adventure awaits! #TravelBug #WeekendEscape,1,Negative
"Standing before the grandeur of the Eiffel Tower, a moment to reflect on the beauty of Parisian dreams.",1,Negative
"Staring at the clock in class, waiting for the bell to ring like it's the most exciting event of the day. #ClassCountdown #TeenLife",1,Negative
Started a blog about random thoughts and musings. Blogging is the new diary. #BloggerLife #TeenBlogger,1,Negative
"Started a blog sharing the wisdom gained through the years, proving that every day is a chance to learn and grow. #SeniorWisdom #Blog",1,Negative
"Started a book club for seniors, where discussions are as lively as the characters in the novels. #BookClub #SeniorReaders",1,Negative
"Started a community garden, growing not just plants but friendships too. Green thumbs unite! #CommunityGarden #SeniorGardener",1,Negative
"Started a photography club at school. Capturing moments, one snapshot at a time!",1,Negative
"Started learning ballroom dancing, gliding gracefully across the dance floor. Ageless elegance in every step. #BallroomDancing #SeniorDancer",1,Negative
"Streaming the latest web series, the viewer is engrossed in the characters' journey, feeling a sense of connection and empathy.",1,Negative
Successfully avoided eye contact with my crush in the hallway. Mission accomplished. #TeenCrush #StealthMode,1,Negative
Successfully completing a challenging coding project. Excitement for overcoming coding hurdles!,1,Negative
Successfully cooked a gourmet meal for the family. Chef skills unlocked! #ChefMode #TeenChef,1,Negative
Successfully fundraising for a school charity initiative. The joy of giving back to the community!,1,Negative
Successfully organized a surprise birthday party for a friend. Party planning expert mode: Achieved!,1,Negative
"Suffocating in the silence of solitude, where echoes of laughter once thrived.",1,Negative
Surprise and delight at discovering a hidden gem in the city.,1,Negative
"Surrounded by the colors of joy, a canvas painted with laughter and endless smiles.",1,Negative
"Surrounded by the vibrant colors of a flower garden, the gardener nurtures blossoms, finding joy in the beauty of nature's ever-changing canvas.",1,Negative
"Survived a challenging physics exam. Equations, you won't defeat me!",1,Negative
Survived a group project without any drama. Miracles do happen. #GroupProjectSuccess #TeenAchievements,1,Negative
"Swaying to Ed Sheeran's acoustic melodies, a serene evening filled with 'Perfect' moments.",1,Negative
"Swaying to the reggae vibes of Bob Marley's tribute concert, each chord a journey to Jamaica's soul.",1,Negative
"Swept away by the river of regret, the currents of the past refusing to release.",1,Negative
"Swinging to the rhythms of a Frank Sinatra tribute, feeling the timeless charm of 'Fly Me to the Moon'.",1,Negative
"Taking a stroll in the garden, appreciating the beauty of blooming flowers. Nature's wonders never cease. #GardenWalk #FloralBeauty",1,Negative
"Tears fall like raindrops, mourning the end of a cherished friendship.",1,Negative
"Tears, the currency of grief, spent in the marketplace of lost love and longing.",1,Negative
"Tears, the ink staining the pages of a journal, a testament to silent grief.",1,Negative
"The bitterness of betrayal, a taste that lingers, staining the palate of trust.",1,Negative
"The echoes of solitude, a silent conversation between a soul and its shadows.",1,Negative
"The gymnast's unexpected fall during a routine sparks a wave of sympathy from the audience, highlighting the vulnerability of sports.",1,Negative
"The weightlifter's failed attempt at a personal record results in frustration, highlighting the challenging nature of pushing physical limits.",1,Negative
Thrilled to witness the grandeur of a cultural festival.,1,Negative
"Torn apart by grief, the echoes of loss reverberate through the soul.",1,Negative
Tried a magic trick to impress classmates. Magic fail: Where did that rabbit go?,1,Negative
Tried to impress my crush with a smooth conversation. Ended up spilling my drink. Smooth level: Nonexistent!,1,Negative
Trying out a new smoothie recipe for a healthy start to the week. Smoothie enthusiast: Level up!,1,Negative
Trying out a new study technique for upcoming exams. Exploring different learning strategies.,1,Negative
Trying to master the perfect kickflip on my skateboard. Skating into the weekend like a pro!,1,Negative
Trying to set a new trend by juggling textbooks between classes. Academic juggling: A unique skill!,1,Negative
"Underneath the city lights, the dancer expresses emotions through graceful movements, creating a mesmerizing performance under the night sky.",1,Negative
"Visited an art gallery, appreciating the brushstrokes that tell tales of creativity. Art, an eternal companion. #ArtGallery #SeniorArtLover",1,Negative
Volunteering at a local charity event to give back to the community. Contributing to social causes.,1,Negative
"Walking the Great Wall of China, each step a testament to ancient engineering marvels.",1,Negative
"Wandering in the maze of betrayal, the walls closing in with every wrong turn.",1,Negative
"Wandering through a historical museum, the history enthusiast becomes immersed in the tales of the past, envisioning bygone eras.",1,Negative
"Wandering through the cemetery of lost dreams, tombstones marking untold sorrows.",1,Negative
"Wandering through the historical streets of Kyoto, each step a journey into the heart of Japan's traditions.",1,Negative
"Watching a heartwarming family drama, tears flow freely as the characters overcome challenges, leaving the viewer with a warm glow.",1,Negative
Whimsical delight in a world of fairy tales and magical creatures.,1,Negative
Whimsical delight in a world of whimsical fairy tales.,1,Negative
Whispers of inspiration from the rustling leaves in a serene forest.,2,Neutral
"Whispers of lost love linger in the attic of the heart, forgotten but not erased.",1,Negative
Winning a friendly sports competition against rival schools. Victory celebrations in full swing!,1,Negative
Witnessed a heated argument in the cafeteria. Unpleasant atmosphere at lunch.,1,Negative
"Witnessing a heartwarming comeback in the hockey finals, fans share tears of joy as the team secures a historic victory after adversity.",1,Negative
"Witnessing a record-breaking marathon, spectators are filled with awe and admiration for the endurance and dedication of the runners.",1,Negative
Wonderment at the beauty of a double rainbow after the rain.,1,Negative
"Wrapped in the cloak of emotional numbness, a shield against the storms of life's turbulence.",1,Negative
